{
  "project_info": {
    "project_number": "900433968850",
    "project_id": "newspaper-azh45m",
    "storage_bucket": "newspaper-azh45m.firebasestorage.app"
  },
  "client": [
    {
      "client_info": {
        "mobilesdk_app_id": "1:900433968850:android:a770002d91da49da9a370b",
        "android_client_info": {
          "package_name": "com.mealplanner.app"
        }
      },
      "oauth_client": [],
      "api_key": [
        {
          "current_key": "AIzaSyAKGUbLAkmmhDqvPB4zLh8lebe0HXyoDkU"
        }
      ],
      "services": {
        "appinvite_service": {
          "other_platform_oauth_client": []
        }
      }
    }
  ],
  "configuration_version": "1"
}